,Year,Region,Arrivals_x,Business,Leisure,Medical,Diaspora,Others,Arrivals_y,Mode,Percentage
0,2020,North America,122868.0,3.1,54.4,0.2,25.8,16.4,2744766,Air,79.2
1,2020,North America,122868.0,3.1,54.4,0.2,25.8,16.4,2744766,Sea,1.5
2,2020,North America,122868.0,3.1,54.4,0.2,25.8,16.4,2744766,Land,19.3
3,2020,North America,394092.0,9.8,41.2,0.1,29.7,19.2,2744766,Air,79.2
4,2020,North America,394092.0,9.8,41.2,0.1,29.7,19.2,2744766,Sea,1.5
5,2020,North America,394092.0,9.8,41.2,0.1,29.7,19.2,2744766,Land,19.3
6,2020,North America,,,,,,,2744766,Air,79.2
7,2020,North America,,,,,,,2744766,Sea,1.5
8,2020,North America,,,,,,,2744766,Land,19.3
9,2020,North America,516960.0,8.2,44.3,0.1,28.8,18.6,2744766,Air,79.2
10,2020,North America,516960.0,8.2,44.3,0.1,28.8,18.6,2744766,Sea,1.5
11,2020,North America,516960.0,8.2,44.3,0.1,28.8,18.6,2744766,Land,19.3
12,2020,Central And South America,4294.0,7.4,89.7,0.0,1.5,1.4,2744766,Air,79.2
13,2020,Central And South America,4294.0,7.4,89.7,0.0,1.5,1.4,2744766,Sea,1.5
14,2020,Central And South America,4294.0,7.4,89.7,0.0,1.5,1.4,2744766,Land,19.3
15,2020,Central And South America,8092.0,23.6,71.2,0.1,2.0,3.1,2744766,Air,79.2
16,2020,Central And South America,8092.0,23.6,71.2,0.1,2.0,3.1,2744766,Sea,1.5
17,2020,Central And South America,8092.0,23.6,71.2,0.1,2.0,3.1,2744766,Land,19.3
18,2020,Central And South America,4580.0,20.4,75.2,0.1,2.1,2.2,2744766,Air,79.2
19,2020,Central And South America,4580.0,20.4,75.2,0.1,2.1,2.2,2744766,Sea,1.5
20,2020,Central And South America,4580.0,20.4,75.2,0.1,2.1,2.2,2744766,Land,19.3
21,2020,Central And South America,10002.0,16.7,64.5,0.3,8.6,9.9,2744766,Air,79.2
22,2020,Central And South America,10002.0,16.7,64.5,0.3,8.6,9.9,2744766,Sea,1.5
23,2020,Central And South America,10002.0,16.7,64.5,0.3,8.6,9.9,2744766,Land,19.3
24,2020,Central And South America,26968.0,17.8,72.6,0.1,4.3,5.1,2744766,Air,79.2
25,2020,Central And South America,26968.0,17.8,72.6,0.1,4.3,5.1,2744766,Sea,1.5
26,2020,Central And South America,26968.0,17.8,72.6,0.1,4.3,5.1,2744766,Land,19.3
27,2020,Western Europe,9182.0,18.8,55.7,0.2,18.2,7.2,2744766,Air,79.2
28,2020,Western Europe,9182.0,18.8,55.7,0.2,18.2,7.2,2744766,Sea,1.5
29,2020,Western Europe,9182.0,18.8,55.7,0.2,18.2,7.2,2744766,Land,19.3
30,2020,Western Europe,11022.0,20.6,47.5,0.1,15.0,16.8,2744766,Air,79.2
31,2020,Western Europe,11022.0,20.6,47.5,0.1,15.0,16.8,2744766,Sea,1.5
32,2020,Western Europe,11022.0,20.6,47.5,0.1,15.0,16.8,2744766,Land,19.3
33,2020,Western Europe,8252.0,28.9,62.3,0.1,6.0,2.7,2744766,Air,79.2
34,2020,Western Europe,8252.0,28.9,62.3,0.1,6.0,2.7,2744766,Sea,1.5
35,2020,Western Europe,8252.0,28.9,62.3,0.1,6.0,2.7,2744766,Land,19.3
36,2020,Western Europe,4310.0,30.0,54.8,0.2,8.7,6.3,2744766,Air,79.2
37,2020,Western Europe,4310.0,30.0,54.8,0.2,8.7,6.3,2744766,Sea,1.5
38,2020,Western Europe,4310.0,30.0,54.8,0.2,8.7,6.3,2744766,Land,19.3
39,2020,Western Europe,74243.0,17.2,70.2,0.1,7.2,5.3,2744766,Air,79.2
40,2020,Western Europe,74243.0,17.2,70.2,0.1,7.2,5.3,2744766,Sea,1.5
41,2020,Western Europe,74243.0,17.2,70.2,0.1,7.2,5.3,2744766,Land,19.3
42,2020,Western Europe,72558.0,24.2,59.8,0.1,10.7,5.2,2744766,Air,79.2
43,2020,Western Europe,72558.0,24.2,59.8,0.1,10.7,5.2,2744766,Sea,1.5
44,2020,Western Europe,72558.0,24.2,59.8,0.1,10.7,5.2,2744766,Land,19.3
45,2020,Western Europe,2854.0,24.7,62.8,0.1,6.1,6.4,2744766,Air,79.2
46,2020,Western Europe,2854.0,24.7,62.8,0.1,6.1,6.4,2744766,Sea,1.5
47,2020,Western Europe,2854.0,24.7,62.8,0.1,6.1,6.4,2744766,Land,19.3
48,2020,Western Europe,9708.0,16.9,46.5,0.1,29.0,7.5,2744766,Air,79.2
49,2020,Western Europe,9708.0,16.9,46.5,0.1,29.0,7.5,2744766,Sea,1.5
50,2020,Western Europe,9708.0,16.9,46.5,0.1,29.0,7.5,2744766,Land,19.3
51,2020,Western Europe,31186.0,18.5,59.3,0.1,19.6,2.6,2744766,Air,79.2
52,2020,Western Europe,31186.0,18.5,59.3,0.1,19.6,2.6,2744766,Sea,1.5
53,2020,Western Europe,31186.0,18.5,59.3,0.1,19.6,2.6,2744766,Land,19.3
54,2020,Western Europe,26258.0,27.2,50.4,0.3,12.6,9.5,2744766,Air,79.2
55,2020,Western Europe,26258.0,27.2,50.4,0.3,12.6,9.5,2744766,Sea,1.5
56,2020,Western Europe,26258.0,27.2,50.4,0.3,12.6,9.5,2744766,Land,19.3
57,2020,Western Europe,6224.0,14.6,52.7,0.2,24.0,8.5,2744766,Air,79.2
58,2020,Western Europe,6224.0,14.6,52.7,0.2,24.0,8.5,2744766,Sea,1.5
59,2020,Western Europe,6224.0,14.6,52.7,0.2,24.0,8.5,2744766,Land,19.3
60,2020,Western Europe,31005.0,9.0,17.7,0.0,37.3,36.0,2744766,Air,79.2
61,2020,Western Europe,31005.0,9.0,17.7,0.0,37.3,36.0,2744766,Sea,1.5
62,2020,Western Europe,31005.0,9.0,17.7,0.0,37.3,36.0,2744766,Land,19.3
63,2020,Western Europe,16335.0,21.4,63.0,0.0,8.9,6.6,2744766,Air,79.2
64,2020,Western Europe,16335.0,21.4,63.0,0.0,8.9,6.6,2744766,Sea,1.5
65,2020,Western Europe,16335.0,21.4,63.0,0.0,8.9,6.6,2744766,Land,19.3
66,2020,Western Europe,11992.0,19.4,60.0,0.1,11.9,8.6,2744766,Air,79.2
67,2020,Western Europe,11992.0,19.4,60.0,0.1,11.9,8.6,2744766,Sea,1.5
68,2020,Western Europe,11992.0,19.4,60.0,0.1,11.9,8.6,2744766,Land,19.3
69,2020,Western Europe,12675.0,15.3,68.3,0.2,10.6,5.6,2744766,Air,79.2
70,2020,Western Europe,12675.0,15.3,68.3,0.2,10.6,5.6,2744766,Sea,1.5
71,2020,Western Europe,12675.0,15.3,68.3,0.2,10.6,5.6,2744766,Land,19.3
72,2020,Western Europe,291874.0,8.3,45.8,0.1,30.0,15.8,2744766,Air,79.2
73,2020,Western Europe,291874.0,8.3,45.8,0.1,30.0,15.8,2744766,Sea,1.5
74,2020,Western Europe,291874.0,8.3,45.8,0.1,30.0,15.8,2744766,Land,19.3
75,2020,Western Europe,4937.0,19.2,61.1,0.2,24.0,8.5,2744766,Air,79.2
76,2020,Western Europe,4937.0,19.2,61.1,0.2,24.0,8.5,2744766,Sea,1.5
77,2020,Western Europe,4937.0,19.2,61.1,0.2,24.0,8.5,2744766,Land,19.3
78,2020,Western Europe,624615.0,14.1,51.4,0.1,22.0,12.4,2744766,Air,79.2
79,2020,Western Europe,624615.0,14.1,51.4,0.1,22.0,12.4,2744766,Sea,1.5
80,2020,Western Europe,624615.0,14.1,51.4,0.1,22.0,12.4,2744766,Land,19.3
81,2020,Eastern Europe,3607.0,31.0,66.3,0.0,1.4,1.3,2744766,Air,79.2
82,2020,Eastern Europe,3607.0,31.0,66.3,0.0,1.4,1.3,2744766,Sea,1.5
83,2020,Eastern Europe,3607.0,31.0,66.3,0.0,1.4,1.3,2744766,Land,19.3
84,2020,Eastern Europe,2964.0,20.0,75.8,0.0,2.1,2.0,2744766,Air,79.2
85,2020,Eastern Europe,2964.0,20.0,75.8,0.0,2.1,2.0,2744766,Sea,1.5
86,2020,Eastern Europe,2964.0,20.0,75.8,0.0,2.1,2.0,2744766,Land,19.3
87,2020,Eastern Europe,5918.0,4.7,90.3,1.9,1.2,1.9,2744766,Air,79.2
88,2020,Eastern Europe,5918.0,4.7,90.3,1.9,1.2,1.9,2744766,Sea,1.5
89,2020,Eastern Europe,5918.0,4.7,90.3,1.9,1.2,1.9,2744766,Land,19.3
90,2020,Eastern Europe,12161.0,17.3,78.5,0.0,2.3,2.0,2744766,Air,79.2
91,2020,Eastern Europe,12161.0,17.3,78.5,0.0,2.3,2.0,2744766,Sea,1.5
92,2020,Eastern Europe,12161.0,17.3,78.5,0.0,2.3,2.0,2744766,Land,19.3
93,2020,Eastern Europe,102166.0,5.5,93.0,0.1,0.7,0.7,2744766,Air,79.2
94,2020,Eastern Europe,102166.0,5.5,93.0,0.1,0.7,0.7,2744766,Sea,1.5
95,2020,Eastern Europe,102166.0,5.5,93.0,0.1,0.7,0.7,2744766,Land,19.3
96,2020,Eastern Europe,10619.0,12.2,80.9,0.2,2.9,3.8,2744766,Air,79.2
97,2020,Eastern Europe,10619.0,12.2,80.9,0.2,2.9,3.8,2744766,Sea,1.5
98,2020,Eastern Europe,10619.0,12.2,80.9,0.2,2.9,3.8,2744766,Land,19.3
99,2020,Eastern Europe,30710.0,17.8,58.7,18.2,2.5,2.7,2744766,Air,79.2
100,2020,Eastern Europe,30710.0,17.8,58.7,18.2,2.5,2.7,2744766,Sea,1.5
101,2020,Eastern Europe,30710.0,17.8,58.7,18.2,2.5,2.7,2744766,Land,19.3
102,2020,Eastern Europe,168145.0,9.7,84.1,3.4,1.3,1.4,2744766,Air,79.2
103,2020,Eastern Europe,168145.0,9.7,84.1,3.4,1.3,1.4,2744766,Sea,1.5
104,2020,Eastern Europe,168145.0,9.7,84.1,3.4,1.3,1.4,2744766,Land,19.3
105,2020,Africa,4886.0,56.1,30.8,1.3,5.5,6.2,2744766,Air,79.2
106,2020,Africa,4886.0,56.1,30.8,1.3,5.5,6.2,2744766,Sea,1.5
107,2020,Africa,4886.0,56.1,30.8,1.3,5.5,6.2,2744766,Land,19.3
108,2020,Africa,12779.0,10.6,25.0,16.0,15.4,33.1,2744766,Air,79.2
109,2020,Africa,12779.0,10.6,25.0,16.0,15.4,33.1,2744766,Sea,1.5
110,2020,Africa,12779.0,10.6,25.0,16.0,15.4,33.1,2744766,Land,19.3
111,2020,Africa,11410.0,2.4,74.8,9.6,9.0,4.2,2744766,Air,79.2
112,2020,Africa,11410.0,2.4,74.8,9.6,9.0,4.2,2744766,Sea,1.5
113,2020,Africa,11410.0,2.4,74.8,9.6,9.0,4.2,2744766,Land,19.3
114,2020,Africa,3819.0,17.0,6.9,53.1,7.5,15.5,2744766,Air,79.2
115,2020,Africa,3819.0,17.0,6.9,53.1,7.5,15.5,2744766,Sea,1.5
116,2020,Africa,3819.0,17.0,6.9,53.1,7.5,15.5,2744766,Land,19.3
117,2020,Africa,12561.0,18.8,65.9,0.6,6.6,8.1,2744766,Air,79.2
118,2020,Africa,12561.0,18.8,65.9,0.6,6.6,8.1,2744766,Sea,1.5
119,2020,Africa,12561.0,18.8,65.9,0.6,6.6,8.1,2744766,Land,19.3
120,2020,Africa,9114.0,56.2,3.5,30.3,1.8,8.2,2744766,Air,79.2
121,2020,Africa,9114.0,56.2,3.5,30.3,1.8,8.2,2744766,Sea,1.5
122,2020,Africa,9114.0,56.2,3.5,30.3,1.8,8.2,2744766,Land,19.3
123,2020,Africa,6501.0,15.4,24.6,25.2,9.9,24.9,2744766,Air,79.2
124,2020,Africa,6501.0,15.4,24.6,25.2,9.9,24.9,2744766,Sea,1.5
125,2020,Africa,6501.0,15.4,24.6,25.2,9.9,24.9,2744766,Land,19.3
126,2020,Africa,29226.0,19.2,25.8,26.9,9.1,19.1,2744766,Air,79.2
127,2020,Africa,29226.0,19.2,25.8,26.9,9.1,19.1,2744766,Sea,1.5
128,2020,Africa,29226.0,19.2,25.8,26.9,9.1,19.1,2744766,Land,19.3
129,2020,Africa,90296.0,20.9,35.2,19.5,8.6,15.9,2744766,Air,79.2
130,2020,Africa,90296.0,20.9,35.2,19.5,8.6,15.9,2744766,Sea,1.5
131,2020,Africa,90296.0,20.9,35.2,19.5,8.6,15.9,2744766,Land,19.3
132,2020,West Asia,3429.0,5.8,51.8,11.1,19.2,12.2,2744766,Air,79.2
133,2020,West Asia,3429.0,5.8,51.8,11.1,19.2,12.2,2744766,Sea,1.5
134,2020,West Asia,3429.0,5.8,51.8,11.1,19.2,12.2,2744766,Land,19.3
135,2020,West Asia,17823.0,0.9,2.8,93.4,0.9,1.9,2744766,Air,79.2
136,2020,West Asia,17823.0,0.9,2.8,93.4,0.9,1.9,2744766,Sea,1.5
137,2020,West Asia,17823.0,0.9,2.8,93.4,0.9,1.9,2744766,Land,19.3
138,2020,West Asia,17444.0,20.4,76.0,0.1,1.3,2.2,2744766,Air,79.2
139,2020,West Asia,17444.0,20.4,76.0,0.1,1.3,2.2,2744766,Sea,1.5
140,2020,West Asia,17444.0,20.4,76.0,0.1,1.3,2.2,2744766,Land,19.3
141,2020,West Asia,15430.0,1.5,66.3,28.0,1.9,2.1,2744766,Air,79.2
142,2020,West Asia,15430.0,1.5,66.3,28.0,1.9,2.1,2744766,Sea,1.5
143,2020,West Asia,15430.0,1.5,66.3,28.0,1.9,2.1,2744766,Land,19.3
144,2020,West Asia,10423.0,7.3,81.5,5.3,1.9,3.9,2744766,Air,79.2
145,2020,West Asia,10423.0,7.3,81.5,5.3,1.9,3.9,2744766,Sea,1.5
146,2020,West Asia,10423.0,7.3,81.5,5.3,1.9,3.9,2744766,Land,19.3
147,2020,West Asia,10853.0,50.2,45.0,1.0,0.7,3.1,2744766,Air,79.2
148,2020,West Asia,10853.0,50.2,45.0,1.0,0.7,3.1,2744766,Sea,1.5
149,2020,West Asia,10853.0,50.2,45.0,1.0,0.7,3.1,2744766,Land,19.3
150,2020,West Asia,7387.0,2.5,88.3,2.8,3.1,3.4,2744766,Air,79.2
151,2020,West Asia,7387.0,2.5,88.3,2.8,3.1,3.4,2744766,Sea,1.5
152,2020,West Asia,7387.0,2.5,88.3,2.8,3.1,3.4,2744766,Land,19.3
153,2020,West Asia,5882.0,6.0,9.9,69.9,4.2,10.1,2744766,Air,79.2
154,2020,West Asia,5882.0,6.0,9.9,69.9,4.2,10.1,2744766,Sea,1.5
155,2020,West Asia,5882.0,6.0,9.9,69.9,4.2,10.1,2744766,Land,19.3
156,2020,West Asia,8980.0,20.8,64.0,3.7,3.5,8.1,2744766,Air,79.2
157,2020,West Asia,8980.0,20.8,64.0,3.7,3.5,8.1,2744766,Sea,1.5
158,2020,West Asia,8980.0,20.8,64.0,3.7,3.5,8.1,2744766,Land,19.3
159,2020,West Asia,97651.0,11.7,52.3,29.9,2.3,3.7,2744766,Air,79.2
160,2020,West Asia,97651.0,11.7,52.3,29.9,2.3,3.7,2744766,Sea,1.5
161,2020,West Asia,97651.0,11.7,52.3,29.9,2.3,3.7,2744766,Land,19.3
162,2020,South Asia,47561.0,8.8,43.5,34.0,6.5,7.1,2744766,Air,79.2
163,2020,South Asia,47561.0,8.8,43.5,34.0,6.5,7.1,2744766,Sea,1.5
164,2020,South Asia,47561.0,8.8,43.5,34.0,6.5,7.1,2744766,Land,19.3
165,2020,South Asia,549273.0,4.9,74.9,18.1,0.9,1.3,2744766,Air,79.2
166,2020,South Asia,549273.0,4.9,74.9,18.1,0.9,1.3,2744766,Sea,1.5
167,2020,South Asia,549273.0,4.9,74.9,18.1,0.9,1.3,2744766,Land,19.3
168,2020,South Asia,7901.0,8.3,45.8,0.0,12.5,33.3,2744766,Air,79.2
169,2020,South Asia,7901.0,8.3,45.8,0.0,12.5,33.3,2744766,Sea,1.5
170,2020,South Asia,7901.0,8.3,45.8,0.0,12.5,33.3,2744766,Land,19.3
171,2020,South Asia,7090.0,13.7,73.2,0.2,2.3,10.6,2744766,Air,79.2
172,2020,South Asia,7090.0,13.7,73.2,0.2,2.3,10.6,2744766,Sea,1.5
173,2020,South Asia,7090.0,13.7,73.2,0.2,2.3,10.6,2744766,Land,19.3
174,2020,South Asia,14536.0,4.2,0.6,76.1,6.9,12.3,2744766,Air,79.2
175,2020,South Asia,14536.0,4.2,0.6,76.1,6.9,12.3,2744766,Sea,1.5
176,2020,South Asia,14536.0,4.2,0.6,76.1,6.9,12.3,2744766,Land,19.3
177,2020,South Asia,40822.0,3.2,74.4,1.1,5.0,16.4,2744766,Air,79.2
178,2020,South Asia,40822.0,3.2,74.4,1.1,5.0,16.4,2744766,Sea,1.5
179,2020,South Asia,40822.0,3.2,74.4,1.1,5.0,16.4,2744766,Land,19.3
180,2020,South Asia,14232.0,1.9,54.1,2.1,2.5,39.5,2744766,Air,79.2
181,2020,South Asia,14232.0,1.9,54.1,2.1,2.5,39.5,2744766,Sea,1.5
182,2020,South Asia,14232.0,1.9,54.1,2.1,2.5,39.5,2744766,Land,19.3
183,2020,South Asia,68646.0,23.8,63.3,1.2,2.7,9.2,2744766,Air,79.2
184,2020,South Asia,68646.0,23.8,63.3,1.2,2.7,9.2,2744766,Sea,1.5
185,2020,South Asia,68646.0,23.8,63.3,1.2,2.7,9.2,2744766,Land,19.3
186,2020,South Asia,750061.0,7.1,70.8,17.5,1.6,3.1,2744766,Air,79.2
187,2020,South Asia,750061.0,7.1,70.8,17.5,1.6,3.1,2744766,Sea,1.5
188,2020,South Asia,750061.0,7.1,70.8,17.5,1.6,3.1,2744766,Land,19.3
189,2020,South East Asia,11795.0,19.9,67.9,0.6,3.8,7.8,2744766,Air,79.2
190,2020,South East Asia,11795.0,19.9,67.9,0.6,3.8,7.8,2744766,Sea,1.5
191,2020,South East Asia,11795.0,19.9,67.9,0.6,3.8,7.8,2744766,Land,19.3
192,2020,South East Asia,69897.0,7.5,72.9,0.1,10.3,9.2,2744766,Air,79.2
193,2020,South East Asia,69897.0,7.5,72.9,0.1,10.3,9.2,2744766,Sea,1.5
194,2020,South East Asia,69897.0,7.5,72.9,0.1,10.3,9.2,2744766,Land,19.3
195,2020,South East Asia,35291.0,4.5,88.6,3.6,1.0,2.3,2744766,Air,79.2
196,2020,South East Asia,35291.0,4.5,88.6,3.6,1.0,2.3,2744766,Sea,1.5
197,2020,South East Asia,35291.0,4.5,88.6,3.6,1.0,2.3,2744766,Land,19.3
198,2020,South East Asia,16052.0,27.7,46.2,2.0,5.3,18.8,2744766,Air,79.2
199,2020,South East Asia,16052.0,27.7,46.2,2.0,5.3,18.8,2744766,Sea,1.5
200,2020,South East Asia,16052.0,27.7,46.2,2.0,5.3,18.8,2744766,Land,19.3
201,2020,South East Asia,33747.0,12.4,35.5,0.0,20.0,32.0,2744766,Air,79.2
202,2020,South East Asia,33747.0,12.4,35.5,0.0,20.0,32.0,2744766,Sea,1.5
203,2020,South East Asia,33747.0,12.4,35.5,0.0,20.0,32.0,2744766,Land,19.3
204,2020,South East Asia,52626.0,8.1,85.5,0.0,1.6,4.7,2744766,Air,79.2
205,2020,South East Asia,52626.0,8.1,85.5,0.0,1.6,4.7,2744766,Sea,1.5
206,2020,South East Asia,52626.0,8.1,85.5,0.0,1.6,4.7,2744766,Land,19.3
207,2020,South East Asia,8828.0,10.9,82.1,0.0,1.7,5.3,2744766,Air,79.2
208,2020,South East Asia,8828.0,10.9,82.1,0.0,1.7,5.3,2744766,Sea,1.5
209,2020,South East Asia,8828.0,10.9,82.1,0.0,1.7,5.3,2744766,Land,19.3
210,2020,South East Asia,3386.0,3.6,83.5,7.9,2.3,2.8,2744766,Air,79.2
211,2020,South East Asia,3386.0,3.6,83.5,7.9,2.3,2.8,2744766,Sea,1.5
212,2020,South East Asia,3386.0,3.6,83.5,7.9,2.3,2.8,2744766,Land,19.3
213,2020,South East Asia,231622.0,10.9,82.1,0.0,1.7,5.3,2744766,Air,79.2
214,2020,South East Asia,231622.0,10.9,82.1,0.0,1.7,5.3,2744766,Sea,1.5
215,2020,South East Asia,231622.0,10.9,82.1,0.0,1.7,5.3,2744766,Land,19.3
216,2020,East Asia,39586.0,32.5,59.6,0.0,4.8,3.0,2744766,Air,79.2
217,2020,East Asia,39586.0,32.5,59.6,0.0,4.8,3.0,2744766,Sea,1.5
218,2020,East Asia,39586.0,32.5,59.6,0.0,4.8,3.0,2744766,Land,19.3
219,2020,East Asia,48191.0,58.6,38.4,0.0,1.6,1.4,2744766,Air,79.2
220,2020,East Asia,48191.0,58.6,38.4,0.0,1.6,1.4,2744766,Sea,1.5
221,2020,East Asia,48191.0,58.6,38.4,0.0,1.6,1.4,2744766,Land,19.3
222,2020,East Asia,32302.0,53.8,42.0,0.0,2.4,1.8,2744766,Air,79.2
223,2020,East Asia,32302.0,53.8,42.0,0.0,2.4,1.8,2744766,Sea,1.5
224,2020,East Asia,32302.0,53.8,42.0,0.0,2.4,1.8,2744766,Land,19.3
225,2020,East Asia,8969.0,27.6,70.2,0.0,1.4,0.8,2744766,Air,79.2
226,2020,East Asia,8969.0,27.6,70.2,0.0,1.4,0.8,2744766,Sea,1.5
227,2020,East Asia,8969.0,27.6,70.2,0.0,1.4,0.8,2744766,Land,19.3
228,2020,East Asia,1335.0,6.2,50.1,4.5,19.5,19.6,2744766,Air,79.2
229,2020,East Asia,1335.0,6.2,50.1,4.5,19.5,19.6,2744766,Sea,1.5
230,2020,East Asia,1335.0,6.2,50.1,4.5,19.5,19.6,2744766,Land,19.3
231,2020,East Asia,130383.0,47.1,47.8,0.1,2.8,2.2,2744766,Air,79.2
232,2020,East Asia,130383.0,47.1,47.8,0.1,2.8,2.2,2744766,Sea,1.5
233,2020,East Asia,130383.0,47.1,47.8,0.1,2.8,2.2,2744766,Land,19.3
234,2020,Australasia,86758.0,5.7,41.4,0.1,41.3,11.5,2744766,Air,79.2
235,2020,Australasia,86758.0,5.7,41.4,0.1,41.3,11.5,2744766,Sea,1.5
236,2020,Australasia,86758.0,5.7,41.4,0.1,41.3,11.5,2744766,Land,19.3
237,2020,Australasia,16653.0,4.8,46.9,0.2,28.8,19.2,2744766,Air,79.2
238,2020,Australasia,16653.0,4.8,46.9,0.2,28.8,19.2,2744766,Sea,1.5
239,2020,Australasia,16653.0,4.8,46.9,0.2,28.8,19.2,2744766,Land,19.3
240,2020,Australasia,1636.0,3.5,56.1,20.4,13.6,6.4,2744766,Air,79.2
241,2020,Australasia,1636.0,3.5,56.1,20.4,13.6,6.4,2744766,Sea,1.5
242,2020,Australasia,1636.0,3.5,56.1,20.4,13.6,6.4,2744766,Land,19.3
243,2020,Australasia,105047.0,5.5,42.5,0.4,38.9,12.6,2744766,Air,79.2
244,2020,Australasia,105047.0,5.5,42.5,0.4,38.9,12.6,2744766,Sea,1.5
245,2020,Australasia,105047.0,5.5,42.5,0.4,38.9,12.6,2744766,Land,19.3
246,2020,Not Classified Elsewhere,3018.0,16.8,52.4,15.2,5.8,9.8,2744766,Air,79.2
247,2020,Not Classified Elsewhere,3018.0,16.8,52.4,15.2,5.8,9.8,2744766,Sea,1.5
248,2020,Not Classified Elsewhere,3018.0,16.8,52.4,15.2,5.8,9.8,2744766,Land,19.3
249,2020,Grand Total,2744766.0,11.8,58.4,6.8,13.6,9.4,2744766,Air,79.2
250,2020,Grand Total,2744766.0,11.8,58.4,6.8,13.6,9.4,2744766,Sea,1.5
251,2020,Grand Total,2744766.0,11.8,58.4,6.8,13.6,9.4,2744766,Land,19.3
252,2018,North America,351040.0,9.7,64.8,0.9,23.8,0.8,10557976,Air,79.6
253,2018,North America,351040.0,9.7,64.8,0.9,23.8,0.8,10557976,Sea,0.8
254,2018,North America,351040.0,9.7,64.8,0.9,23.8,0.8,10557976,Land,19.6
255,2018,North America,1456678.0,16.9,51.1,1.1,29.9,1.0,10557976,Air,79.6
256,2018,North America,1456678.0,16.9,51.1,1.1,29.9,1.0,10557976,Sea,0.8
257,2018,North America,1456678.0,16.9,51.1,1.1,29.9,1.0,10557976,Land,19.6
258,2018,North America,1807718.0,15.5,53.8,1.1,28.7,0.9,10557976,Air,79.6
259,2018,North America,1807718.0,15.5,53.8,1.1,28.7,0.9,10557976,Sea,0.8
260,2018,North America,1807718.0,15.5,53.8,1.1,28.7,0.9,10557976,Land,19.6
261,2018,Central & South America,16345.0,9.8,87.8,0.2,1.6,0.6,10557976,Air,79.6
262,2018,Central & South America,16345.0,9.8,87.8,0.2,1.6,0.6,10557976,Sea,0.8
263,2018,Central & South America,16345.0,9.8,87.8,0.2,1.6,0.6,10557976,Land,19.6
264,2018,Central & South America,26579.0,27.3,66.2,0.5,4.2,1.8,10557976,Air,79.6
265,2018,Central & South America,26579.0,27.3,66.2,0.5,4.2,1.8,10557976,Sea,0.8
266,2018,Central & South America,26579.0,27.3,66.2,0.5,4.2,1.8,10557976,Land,19.6
267,2018,Central & South America,19909.0,16.3,78.7,0.5,3.3,1.2,10557976,Air,79.6
268,2018,Central & South America,19909.0,16.3,78.7,0.5,3.3,1.2,10557976,Sea,0.8
269,2018,Central & South America,19909.0,16.3,78.7,0.5,3.3,1.2,10557976,Land,19.6
270,2018,Central & South America,38252.0,17.9,69.2,0.9,9.4,2.6,10557976,Air,79.6
271,2018,Central & South America,38252.0,17.9,69.2,0.9,9.4,2.6,10557976,Sea,0.8
272,2018,Central & South America,38252.0,17.9,69.2,0.9,9.4,2.6,10557976,Land,19.6
273,2018,Central & South America,101085.0,18.7,73.3,0.6,5.6,1.8,10557976,Air,79.6
274,2018,Central & South America,101085.0,18.7,73.3,0.6,5.6,1.8,10557976,Sea,0.8
275,2018,Central & South America,101085.0,18.7,73.3,0.6,5.6,1.8,10557976,Land,19.6
276,2018,Western Europe,33200.0,25.8,57.4,0.9,15.1,0.8,10557976,Air,79.6
277,2018,Western Europe,33200.0,25.8,57.4,0.9,15.1,0.8,10557976,Sea,0.8
278,2018,Western Europe,33200.0,25.8,57.4,0.9,15.1,0.8,10557976,Land,19.6
279,2018,Western Europe,44086.0,27.3,56.1,0.7,14.7,1.2,10557976,Air,79.6
280,2018,Western Europe,44086.0,27.3,56.1,0.7,14.7,1.2,10557976,Sea,0.8
281,2018,Western Europe,44086.0,27.3,56.1,0.7,14.7,1.2,10557976,Land,19.6
282,2018,Western Europe,28195.0,35.0,56.3,0.4,7.5,0.8,10557976,Air,79.6
283,2018,Western Europe,28195.0,35.0,56.3,0.4,7.5,0.8,10557976,Sea,0.8
284,2018,Western Europe,28195.0,35.0,56.3,0.4,7.5,0.8,10557976,Land,19.6
285,2018,Western Europe,21239.0,31.1,59.8,0.6,7.5,1.0,10557976,Air,79.6
286,2018,Western Europe,21239.0,31.1,59.8,0.6,7.5,1.0,10557976,Sea,0.8
287,2018,Western Europe,21239.0,31.1,59.8,0.6,7.5,1.0,10557976,Land,19.6
288,2018,Western Europe,261653.0,22.9,66.4,0.5,8.6,1.6,10557976,Air,79.6
289,2018,Western Europe,261653.0,22.9,66.4,0.5,8.6,1.6,10557976,Sea,0.8
290,2018,Western Europe,261653.0,22.9,66.4,0.5,8.6,1.6,10557976,Land,19.6
291,2018,Western Europe,274087.0,31.8,56.5,0.5,10.2,1.0,10557976,Air,79.6
292,2018,Western Europe,274087.0,31.8,56.5,0.5,10.2,1.0,10557976,Sea,0.8
293,2018,Western Europe,274087.0,31.8,56.5,0.5,10.2,1.0,10557976,Land,19.6
294,2018,Western Europe,10656.0,23.0,63.6,1.3,8.7,3.4,10557976,Air,79.6
295,2018,Western Europe,10656.0,23.0,63.6,1.3,8.7,3.4,10557976,Sea,0.8
296,2018,Western Europe,10656.0,23.0,63.6,1.3,8.7,3.4,10557976,Land,19.6
297,2018,Western Europe,39276.0,22.6,46.9,1.1,28.7,0.7,10557976,Air,79.6
298,2018,Western Europe,39276.0,22.6,46.9,1.1,28.7,0.7,10557976,Sea,0.8
299,2018,Western Europe,39276.0,22.6,46.9,1.1,28.7,0.7,10557976,Land,19.6
300,2018,Western Europe,126931.0,25.3,59.7,0.6,13.7,0.7,10557976,Air,79.6
301,2018,Western Europe,126931.0,25.3,59.7,0.6,13.7,0.7,10557976,Sea,0.8
302,2018,Western Europe,126931.0,25.3,59.7,0.6,13.7,0.7,10557976,Land,19.6
303,2018,Western Europe,81615.0,32.7,52.4,0.8,13.0,1.1,10557976,Air,79.6
304,2018,Western Europe,81615.0,32.7,52.4,0.8,13.0,1.1,10557976,Sea,0.8
305,2018,Western Europe,81615.0,32.7,52.4,0.8,13.0,1.1,10557976,Land,19.6
306,2018,Western Europe,22631.0,18.4,56.8,0.8,22.8,1.2,10557976,Air,79.6
307,2018,Western Europe,22631.0,18.4,56.8,0.8,22.8,1.2,10557976,Sea,0.8
308,2018,Western Europe,22631.0,18.4,56.8,0.8,22.8,1.2,10557976,Land,19.6
309,2018,Western Europe,74492.0,9.7,42.3,1.0,46.0,1.0,10557976,Air,79.6
310,2018,Western Europe,74492.0,9.7,42.3,1.0,46.0,1.0,10557976,Sea,0.8
311,2018,Western Europe,74492.0,9.7,42.3,1.0,46.0,1.0,10557976,Land,19.6
312,2018,Western Europe,84356.0,19.2,73.7,0.4,6.1,0.6,10557976,Air,79.6
313,2018,Western Europe,84356.0,19.2,73.7,0.4,6.1,0.6,10557976,Sea,0.8
314,2018,Western Europe,84356.0,19.2,73.7,0.4,6.1,0.6,10557976,Land,19.6
315,2018,Western Europe,46743.0,30.1,57.5,0.7,11.3,0.4,10557976,Air,79.6
316,2018,Western Europe,46743.0,30.1,57.5,0.7,11.3,0.4,10557976,Sea,0.8
317,2018,Western Europe,46743.0,30.1,57.5,0.7,11.3,0.4,10557976,Land,19.6
318,2018,Western Europe,49322.0,21.0,67.6,0.7,9.7,1.0,10557976,Air,79.6
319,2018,Western Europe,49322.0,21.0,67.6,0.7,9.7,1.0,10557976,Sea,0.8
320,2018,Western Europe,49322.0,21.0,67.6,0.7,9.7,1.0,10557976,Land,19.6
321,2018,Western Europe,1029757.0,14.8,55.1,1.0,27.3,1.8,10557976,Air,79.6
322,2018,Western Europe,1029757.0,14.8,55.1,1.0,27.3,1.8,10557976,Sea,0.8
323,2018,Western Europe,1029757.0,14.8,55.1,1.0,27.3,1.8,10557976,Land,19.6
324,2018,Western Europe,15396.0,21.4,63.7,1.4,11.9,1.6,10557976,Air,79.6
325,2018,Western Europe,15396.0,21.4,63.7,1.4,11.9,1.6,10557976,Sea,0.8
326,2018,Western Europe,15396.0,21.4,63.7,1.4,11.9,1.6,10557976,Land,19.6
327,2018,Western Europe,2243635.0,20.6,57.4,0.8,19.8,1.4,10557976,Air,79.6
328,2018,Western Europe,2243635.0,20.6,57.4,0.8,19.8,1.4,10557976,Sea,0.8
329,2018,Western Europe,2243635.0,20.6,57.4,0.8,19.8,1.4,10557976,Land,19.6
330,2018,Eastern Europe,13413.0,32.6,62.6,0.4,3.5,0.9,10557976,Air,79.6
331,2018,Eastern Europe,13413.0,32.6,62.6,0.4,3.5,0.9,10557976,Sea,0.8
332,2018,Eastern Europe,13413.0,32.6,62.6,0.4,3.5,0.9,10557976,Land,19.6
333,2018,Eastern Europe,9201.0,26.9,67.4,0.6,3.9,1.2,10557976,Air,79.6
334,2018,Eastern Europe,9201.0,26.9,67.4,0.6,3.9,1.2,10557976,Sea,0.8
335,2018,Eastern Europe,9201.0,26.9,67.4,0.6,3.9,1.2,10557976,Land,19.6
336,2018,Eastern Europe,13314.0,7.2,82.1,3.1,5.4,2.2,10557976,Air,79.6
337,2018,Eastern Europe,13314.0,7.2,82.1,3.1,5.4,2.2,10557976,Sea,0.8
338,2018,Eastern Europe,13314.0,7.2,82.1,3.1,5.4,2.2,10557976,Land,19.6
339,2018,Eastern Europe,31555.0,24.3,70.8,0.3,3.5,1.1,10557976,Air,79.6
340,2018,Eastern Europe,31555.0,24.3,70.8,0.3,3.5,1.1,10557976,Sea,0.8
341,2018,Eastern Europe,31555.0,24.3,70.8,0.3,3.5,1.1,10557976,Land,19.6
342,2018,Eastern Europe,262309.0,6.9,89.8,0.5,2.2,0.6,10557976,Air,79.6
343,2018,Eastern Europe,262309.0,6.9,89.8,0.5,2.2,0.6,10557976,Sea,0.8
344,2018,Eastern Europe,262309.0,6.9,89.8,0.5,2.2,0.6,10557976,Land,19.6
345,2018,Eastern Europe,26260.0,12.9,75.4,1.5,5.6,4.6,10557976,Air,79.6
346,2018,Eastern Europe,26260.0,12.9,75.4,1.5,5.6,4.6,10557976,Sea,0.8
347,2018,Eastern Europe,26260.0,12.9,75.4,1.5,5.6,4.6,10557976,Land,19.6
348,2018,Eastern Europe,109997.0,12.8,64.9,15.6,4.4,2.3,10557976,Air,79.6
349,2018,Eastern Europe,109997.0,12.8,64.9,15.6,4.4,2.3,10557976,Sea,0.8
350,2018,Eastern Europe,109997.0,12.8,64.9,15.6,4.4,2.3,10557976,Land,19.6
351,2018,Eastern Europe,466049.0,11.0,80.4,4.2,3.2,1.2,10557976,Air,79.6
352,2018,Eastern Europe,466049.0,11.0,80.4,4.2,3.2,1.2,10557976,Sea,0.8
353,2018,Eastern Europe,466049.0,11.0,80.4,4.2,3.2,1.2,10557976,Land,19.6
354,2018,Africa,20486.0,41.0,41.3,2.9,9.3,5.5,10557976,Air,79.6
355,2018,Africa,20486.0,41.0,41.3,2.9,9.3,5.5,10557976,Sea,0.8
356,2018,Africa,20486.0,41.0,41.3,2.9,9.3,5.5,10557976,Land,19.6
357,2018,Africa,48845.0,12.8,44.6,16.5,23.5,2.6,10557976,Air,79.6
358,2018,Africa,48845.0,12.8,44.6,16.5,23.5,2.6,10557976,Sea,0.8
359,2018,Africa,48845.0,12.8,44.6,16.5,23.5,2.6,10557976,Land,19.6
360,2018,Africa,42096.0,5.0,77.1,6.3,9.3,2.3,10557976,Air,79.6
361,2018,Africa,42096.0,5.0,77.1,6.3,9.3,2.3,10557976,Sea,0.8
362,2018,Africa,42096.0,5.0,77.1,6.3,9.3,2.3,10557976,Land,19.6
363,2018,Africa,12067.0,17.5,12.6,46.9,9.3,13.7,10557976,Air,79.6
364,2018,Africa,12067.0,17.5,12.6,46.9,9.3,13.7,10557976,Sea,0.8
365,2018,Africa,12067.0,17.5,12.6,46.9,9.3,13.7,10557976,Land,19.6
366,2018,Africa,58613.0,19.3,70.4,1.0,8.6,0.7,10557976,Air,79.6
367,2018,Africa,58613.0,19.3,70.4,1.0,8.6,0.7,10557976,Sea,0.8
368,2018,Africa,58613.0,19.3,70.4,1.0,8.6,0.7,10557976,Land,19.6
369,2018,Africa,34712.0,54.6,7.5,25.0,4.4,8.5,10557976,Air,79.6
370,2018,Africa,34712.0,54.6,7.5,25.0,4.4,8.5,10557976,Sea,0.8
371,2018,Africa,34712.0,54.6,7.5,25.0,4.4,8.5,10557976,Land,19.6
372,2018,Africa,23443.0,18.8,34.2,22.3,16.3,8.4,10557976,Air,79.6
373,2018,Africa,23443.0,18.8,34.2,22.3,16.3,8.4,10557976,Sea,0.8
374,2018,Africa,23443.0,18.8,34.2,22.3,16.3,8.4,10557976,Land,19.6
375,2018,Africa,110936.0,21.1,38.3,18.0,12.6,10.0,10557976,Air,79.6
376,2018,Africa,110936.0,21.1,38.3,18.0,12.6,10.0,10557976,Sea,0.8
377,2018,Africa,110936.0,21.1,38.3,18.0,12.6,10.0,10557976,Land,19.6
378,2018,Africa,351198.0,21.9,45.2,14.6,12.2,6.1,10557976,Air,79.6
379,2018,Africa,351198.0,21.9,45.2,14.6,12.2,6.1,10557976,Sea,0.8
380,2018,Africa,351198.0,21.9,45.2,14.6,12.2,6.1,10557976,Land,19.6
381,2018,West Asia,13915.0,8.1,60.3,10.5,17.5,3.6,10557976,Air,79.6
382,2018,West Asia,13915.0,8.1,60.3,10.5,17.5,3.6,10557976,Sea,0.8
383,2018,West Asia,13915.0,8.1,60.3,10.5,17.5,3.6,10557976,Land,19.6
384,2018,West Asia,68462.0,1.9,7.2,86.6,2.5,1.8,10557976,Air,79.6
385,2018,West Asia,68462.0,1.9,7.2,86.6,2.5,1.8,10557976,Sea,0.8
386,2018,West Asia,68462.0,1.9,7.2,86.6,2.5,1.8,10557976,Land,19.6
387,2018,West Asia,67366.0,26.0,71.0,0.3,2.3,0.4,10557976,Air,79.6
388,2018,West Asia,67366.0,26.0,71.0,0.3,2.3,0.4,10557976,Sea,0.8
389,2018,West Asia,67366.0,26.0,71.0,0.3,2.3,0.4,10557976,Land,19.6
390,2018,West Asia,95160.0,1.7,66.8,28.9,2.1,0.5,10557976,Air,79.6
391,2018,West Asia,95160.0,1.7,66.8,28.9,2.1,0.5,10557976,Sea,0.8
392,2018,West Asia,95160.0,1.7,66.8,28.9,2.1,0.5,10557976,Land,19.6
393,2018,West Asia,47546.0,8.6,72.5,10.4,7.0,1.5,10557976,Air,79.6
394,2018,West Asia,47546.0,8.6,72.5,10.4,7.0,1.5,10557976,Sea,0.8
395,2018,West Asia,47546.0,8.6,72.5,10.4,7.0,1.5,10557976,Land,19.6
396,2018,West Asia,33825.0,39.5,48.4,2.3,7.7,2.1,10557976,Air,79.6
397,2018,West Asia,33825.0,39.5,48.4,2.3,7.7,2.1,10557976,Sea,0.8
398,2018,West Asia,33825.0,39.5,48.4,2.3,7.7,2.1,10557976,Land,19.6
399,2018,West Asia,59971.0,2.8,91.9,1.6,3.3,0.4,10557976,Air,79.6
400,2018,West Asia,59971.0,2.8,91.9,1.6,3.3,0.4,10557976,Sea,0.8
401,2018,West Asia,59971.0,2.8,91.9,1.6,3.3,0.4,10557976,Land,19.6
402,2018,West Asia,21674.0,5.9,20.7,54.7,7.5,11.2,10557976,Air,79.6
403,2018,West Asia,21674.0,5.9,20.7,54.7,7.5,11.2,10557976,Sea,0.8
404,2018,West Asia,21674.0,5.9,20.7,54.7,7.5,11.2,10557976,Land,19.6
405,2018,West Asia,41629.0,18.4,67.7,4.7,6.8,2.4,10557976,Air,79.6
406,2018,West Asia,41629.0,18.4,67.7,4.7,6.8,2.4,10557976,Sea,0.8
407,2018,West Asia,41629.0,18.4,67.7,4.7,6.8,2.4,10557976,Land,19.6
408,2018,West Asia,449548.0,11.0,58.6,24.2,4.5,1.7,10557976,Air,79.6
409,2018,West Asia,449548.0,11.0,58.6,24.2,4.5,1.7,10557976,Sea,0.8
410,2018,West Asia,449548.0,11.0,58.6,24.2,4.5,1.7,10557976,Land,19.6
411,2018,South Asia,153905.0,7.8,48.7,30.4,6.8,6.3,10557976,Air,79.6
412,2018,South Asia,153905.0,7.8,48.7,30.4,6.8,6.3,10557976,Sea,0.8
413,2018,South Asia,153905.0,7.8,48.7,30.4,6.8,6.3,10557976,Land,19.6
414,2018,South Asia,2256675.0,4.9,78.9,14.3,0.9,1.0,10557976,Air,79.6
415,2018,South Asia,2256675.0,4.9,78.9,14.3,0.9,1.0,10557976,Sea,0.8
416,2018,South Asia,2256675.0,4.9,78.9,14.3,0.9,1.0,10557976,Land,19.6
417,2018,South Asia,26470.0,11.8,68.5,6.3,11.3,2.1,10557976,Air,79.6
418,2018,South Asia,26470.0,11.8,68.5,6.3,11.3,2.1,10557976,Sea,0.8
419,2018,South Asia,26470.0,11.8,68.5,6.3,11.3,2.1,10557976,Land,19.6
420,2018,South Asia,35596.0,8.7,78.9,0.7,4.4,7.3,10557976,Air,79.6
421,2018,South Asia,35596.0,8.7,78.9,0.7,4.4,7.3,10557976,Sea,0.8
422,2018,South Asia,35596.0,8.7,78.9,0.7,4.4,7.3,10557976,Land,19.6
423,2018,South Asia,62337.0,12.9,48.9,21.8,13.0,3.4,10557976,Air,79.6
424,2018,South Asia,62337.0,12.9,48.9,21.8,13.0,3.4,10557976,Sea,0.8
425,2018,South Asia,62337.0,12.9,48.9,21.8,13.0,3.4,10557976,Land,19.6
426,2018,South Asia,174096.0,15.3,63.4,6.6,12.2,2.5,10557976,Air,79.6
427,2018,South Asia,174096.0,15.3,63.4,6.6,12.2,2.5,10557976,Sea,0.8
428,2018,South Asia,174096.0,15.3,63.4,6.6,12.2,2.5,10557976,Land,19.6
429,2018,South Asia,41659.0,4.1,39.0,3.9,3.0,50.0,10557976,Air,79.6
430,2018,South Asia,41659.0,4.1,39.0,3.9,3.0,50.0,10557976,Sea,0.8
431,2018,South Asia,41659.0,4.1,39.0,3.9,3.0,50.0,10557976,Land,19.6
432,2018,South Asia,353684.0,19.2,72.1,1.9,5.6,1.2,10557976,Air,79.6
433,2018,South Asia,353684.0,19.2,72.1,1.9,5.6,1.2,10557976,Sea,0.8
434,2018,South Asia,353684.0,19.2,72.1,1.9,5.6,1.2,10557976,Land,19.6
435,2018,South Asia,3104422.0,7.5,74.5,13.0,2.7,2.3,10557976,Air,79.6
436,2018,South Asia,3104422.0,7.5,74.5,13.0,2.7,2.3,10557976,Sea,0.8
437,2018,South Asia,3104422.0,7.5,74.5,13.0,2.7,2.3,10557976,Land,19.6
438,2018,South East Asia,46867.0,23.3,62.6,1.3,10.9,1.9,10557976,Air,79.6
439,2018,South East Asia,46867.0,23.3,62.6,1.3,10.9,1.9,10557976,Sea,0.8
440,2018,South East Asia,46867.0,23.3,62.6,1.3,10.9,1.9,10557976,Land,19.6
441,2018,South East Asia,319172.0,9.2,72.3,0.5,16.3,1.7,10557976,Air,79.6
442,2018,South East Asia,319172.0,9.2,72.3,0.5,16.3,1.7,10557976,Sea,0.8
443,2018,South East Asia,319172.0,9.2,72.3,0.5,16.3,1.7,10557976,Land,19.6
444,2018,South East Asia,75773.0,6.6,85.9,3.1,2.4,2.0,10557976,Air,79.6
445,2018,South East Asia,75773.0,6.6,85.9,3.1,2.4,2.0,10557976,Sea,0.8
446,2018,South East Asia,75773.0,6.6,85.9,3.1,2.4,2.0,10557976,Land,19.6
447,2018,South East Asia,53473.0,24.1,54.2,3.4,9.0,9.3,10557976,Air,79.6
448,2018,South East Asia,53473.0,24.1,54.2,3.4,9.0,9.3,10557976,Sea,0.8
449,2018,South East Asia,53473.0,24.1,54.2,3.4,9.0,9.3,10557976,Land,19.6
450,2018,South East Asia,183581.0,21.8,48.3,1.2,28.1,0.6,10557976,Air,79.6
451,2018,South East Asia,183581.0,21.8,48.3,1.2,28.1,0.6,10557976,Sea,0.8
452,2018,South East Asia,183581.0,21.8,48.3,1.2,28.1,0.6,10557976,Land,19.6
453,2018,South East Asia,166293.0,12.0,81.4,0.5,3.8,2.3,10557976,Air,79.6
454,2018,South East Asia,166293.0,12.0,81.4,0.5,3.8,2.3,10557976,Sea,0.8
455,2018,South East Asia,166293.0,12.0,81.4,0.5,3.8,2.3,10557976,Land,19.6
456,2018,South East Asia,31427.0,14.3,79.6,0.3,2.1,3.7,10557976,Air,79.6
457,2018,South East Asia,31427.0,14.3,79.6,0.3,2.1,3.7,10557976,Sea,0.8
458,2018,South East Asia,31427.0,14.3,79.6,0.3,2.1,3.7,10557976,Land,19.6
459,2018,South East Asia,10502.0,9.1,72.8,8.8,5.4,3.9,10557976,Air,79.6
460,2018,South East Asia,10502.0,9.1,72.8,8.8,5.4,3.9,10557976,Sea,0.8
461,2018,South East Asia,10502.0,9.1,72.8,8.8,5.4,3.9,10557976,Land,19.6
462,2018,South East Asia,887088.0,13.9,68.9,1.2,13.9,2.1,10557976,Air,79.6
463,2018,South East Asia,887088.0,13.9,68.9,1.2,13.9,2.1,10557976,Sea,0.8
464,2018,South East Asia,887088.0,13.9,68.9,1.2,13.9,2.1,10557976,Land,19.6
465,2018,East Asia,281768.0,47.6,48.0,0.3,3.4,0.7,10557976,Air,79.6
466,2018,East Asia,281768.0,47.6,48.0,0.3,3.4,0.7,10557976,Sea,0.8
467,2018,East Asia,281768.0,47.6,48.0,0.3,3.4,0.7,10557976,Land,19.6
468,2018,East Asia,236236.0,61.3,34.9,0.3,2.8,0.7,10557976,Air,79.6
469,2018,East Asia,236236.0,61.3,34.9,0.3,2.8,0.7,10557976,Sea,0.8
470,2018,East Asia,236236.0,61.3,34.9,0.3,2.8,0.7,10557976,Land,19.6
471,2018,East Asia,150536.0,46.8,46.6,0.3,4.2,2.1,10557976,Air,79.6
472,2018,East Asia,150536.0,46.8,46.6,0.3,4.2,2.1,10557976,Sea,0.8
473,2018,East Asia,150536.0,46.8,46.6,0.3,4.2,2.1,10557976,Land,19.6
474,2018,East Asia,49457.0,31.9,64.6,0.3,2.4,0.8,10557976,Air,79.6
475,2018,East Asia,49457.0,31.9,64.6,0.3,2.4,0.8,10557976,Sea,0.8
476,2018,East Asia,49457.0,31.9,64.6,0.3,2.4,0.8,10557976,Land,19.6
477,2018,East Asia,6571.0,14.7,56.2,7.5,13.3,8.3,10557976,Air,79.6
478,2018,East Asia,6571.0,14.7,56.2,7.5,13.3,8.3,10557976,Sea,0.8
479,2018,East Asia,6571.0,14.7,56.2,7.5,13.3,8.3,10557976,Land,19.6
480,2018,East Asia,724568.0,50.5,44.7,0.3,3.4,1.1,10557976,Air,79.6
481,2018,East Asia,724568.0,50.5,44.7,0.3,3.4,1.1,10557976,Sea,0.8
482,2018,East Asia,724568.0,50.5,44.7,0.3,3.4,1.1,10557976,Land,19.6
483,2018,Australasia,346486.0,13.8,48.5,0.9,36.1,0.7,10557976,Air,79.6
484,2018,Australasia,346486.0,13.8,48.5,0.9,36.1,0.7,10557976,Sea,0.8
485,2018,Australasia,346486.0,13.8,48.5,0.9,36.1,0.7,10557976,Land,19.6
486,2018,Australasia,60664.0,13.2,52.6,1.1,32.3,0.8,10557976,Air,79.6
487,2018,Australasia,60664.0,13.2,52.6,1.1,32.3,0.8,10557976,Sea,0.8
488,2018,Australasia,60664.0,13.2,52.6,1.1,32.3,0.8,10557976,Land,19.6
489,2018,Australasia,5478.0,7.4,54.1,21.3,12.1,5.1,10557976,Air,79.6
490,2018,Australasia,5478.0,7.4,54.1,21.3,12.1,5.1,10557976,Sea,0.8
491,2018,Australasia,5478.0,7.4,54.1,21.3,12.1,5.1,10557976,Land,19.6
492,2018,Australasia,412628.0,13.6,49.2,1.2,35.3,0.7,10557976,Air,79.6
493,2018,Australasia,412628.0,13.6,49.2,1.2,35.3,0.7,10557976,Sea,0.8
494,2018,Australasia,412628.0,13.6,49.2,1.2,35.3,0.7,10557976,Land,19.6
495,2018,Not Classified Elsewhere,10037.0,15.5,53.8,1.1,28.7,0.9,10557976,Air,79.6
496,2018,Not Classified Elsewhere,10037.0,15.5,53.8,1.1,28.7,0.9,10557976,Sea,0.8
497,2018,Not Classified Elsewhere,10037.0,15.5,53.8,1.1,28.7,0.9,10557976,Land,19.6
498,2018,Grand Total,10557976.0,16.3,62.4,6.1,13.5,1.7,10557976,Air,79.6
499,2018,Grand Total,10557976.0,16.3,62.4,6.1,13.5,1.7,10557976,Sea,0.8
500,2018,Grand Total,10557976.0,16.3,62.4,6.1,13.5,1.7,10557976,Land,19.6
501,2017,North America,335439.0,4.65,54.74,0.09,37.4,3.12,10035803,Air,79.6
502,2017,North America,335439.0,4.65,54.74,0.09,37.4,3.12,10035803,Sea,0.7
503,2017,North America,335439.0,4.65,54.74,0.09,37.4,3.12,10035803,Land,19.7
504,2017,North America,1376919.0,10.42,40.71,0.05,45.77,3.05,10035803,Air,79.6
505,2017,North America,1376919.0,10.42,40.71,0.05,45.77,3.05,10035803,Sea,0.7
506,2017,North America,1376919.0,10.42,40.71,0.05,45.77,3.05,10035803,Land,19.7
507,2017,North America,1712358.0,9.31,43.42,0.06,44.15,3.07,10035803,Air,79.6
508,2017,North America,1712358.0,9.31,43.42,0.06,44.15,3.07,10035803,Sea,0.7
509,2017,North America,1712358.0,9.31,43.42,0.06,44.15,3.07,10035803,Land,19.7
510,2017,Central and South Amercia,14875.0,10.6,87.24,0.01,1.24,0.91,10035803,Air,79.6
511,2017,Central and South Amercia,14875.0,10.6,87.24,0.01,1.24,0.91,10035803,Sea,0.7
512,2017,Central and South Amercia,14875.0,10.6,87.24,0.01,1.24,0.91,10035803,Land,19.7
513,2017,Central and South Amercia,24453.0,26.17,66.67,0.08,5.22,1.85,10035803,Air,79.6
514,2017,Central and South Amercia,24453.0,26.17,66.67,0.08,5.22,1.85,10035803,Sea,0.7
515,2017,Central and South Amercia,24453.0,26.17,66.67,0.08,5.22,1.85,10035803,Land,19.7
516,2017,Central and South Amercia,18114.0,15.16,80.2,0.08,3.31,1.25,10035803,Air,79.6
517,2017,Central and South Amercia,18114.0,15.16,80.2,0.08,3.31,1.25,10035803,Sea,0.7
518,2017,Central and South Amercia,18114.0,15.16,80.2,0.08,3.31,1.25,10035803,Land,19.7
519,2017,Central and South Amercia,34625.0,16.72,67.6,0.21,11.71,3.75,10035803,Air,79.6
520,2017,Central and South Amercia,34625.0,16.72,67.6,0.21,11.71,3.75,10035803,Sea,0.7
521,2017,Central and South Amercia,34625.0,16.72,67.6,0.21,11.71,3.75,10035803,Land,19.7
522,2017,Central and South Amercia,92067.0,17.83,73.17,0.12,6.6,2.29,10035803,Air,79.6
523,2017,Central and South Amercia,92067.0,17.83,73.17,0.12,6.6,2.29,10035803,Sea,0.7
524,2017,Central and South Amercia,92067.0,17.83,73.17,0.12,6.6,2.29,10035803,Land,19.7
525,2017,Western Europe,31832.0,24.27,51.2,0.05,23.32,1.16,10035803,Air,79.6
526,2017,Western Europe,31832.0,24.27,51.2,0.05,23.32,1.16,10035803,Sea,0.7
527,2017,Western Europe,31832.0,24.27,51.2,0.05,23.32,1.16,10035803,Land,19.7
528,2017,Western Europe,41902.0,25.3,47.79,0.07,22.95,3.89,10035803,Air,79.6
529,2017,Western Europe,41902.0,25.3,47.79,0.07,22.95,3.89,10035803,Sea,0.7
530,2017,Western Europe,41902.0,25.3,47.79,0.07,22.95,3.89,10035803,Land,19.7
531,2017,Western Europe,26761.0,37.18,52.77,0.1,8.8,1.16,10035803,Air,79.6
532,2017,Western Europe,26761.0,37.18,52.77,0.1,8.8,1.16,10035803,Sea,0.7
533,2017,Western Europe,26761.0,37.18,52.77,0.1,8.8,1.16,10035803,Land,19.7
534,2017,Western Europe,20384.0,32.58,57.98,0.04,7.88,1.51,10035803,Air,79.6
535,2017,Western Europe,20384.0,32.58,57.98,0.04,7.88,1.51,10035803,Sea,0.7
536,2017,Western Europe,20384.0,32.58,57.98,0.04,7.88,1.51,10035803,Land,19.7
537,2017,Western Europe,249620.0,20.59,64.17,0.04,12.67,2.53,10035803,Air,79.6
538,2017,Western Europe,249620.0,20.59,64.17,0.04,12.67,2.53,10035803,Sea,0.7
539,2017,Western Europe,249620.0,20.59,64.17,0.04,12.67,2.53,10035803,Land,19.7
540,2017,Western Europe,269380.0,31.02,55.0,4.0,12.83,1.11,10035803,Air,79.6
541,2017,Western Europe,269380.0,31.02,55.0,4.0,12.83,1.11,10035803,Sea,0.7
542,2017,Western Europe,269380.0,31.02,55.0,4.0,12.83,1.11,10035803,Land,19.7
543,2017,Western Europe,10286.0,25.86,61.16,0.01,7.03,5.93,10035803,Air,79.6
544,2017,Western Europe,10286.0,25.86,61.16,0.01,7.03,5.93,10035803,Sea,0.7
545,2017,Western Europe,10286.0,25.86,61.16,0.01,7.03,5.93,10035803,Land,19.7
546,2017,Western Europe,37993.0,19.47,36.69,0.05,42.53,1.25,10035803,Air,79.6
547,2017,Western Europe,37993.0,19.47,36.69,0.05,42.53,1.25,10035803,Sea,0.7
548,2017,Western Europe,37993.0,19.47,36.69,0.05,42.53,1.25,10035803,Land,19.7
549,2017,Western Europe,111915.0,27.14,56.09,0.04,15.9,0.83,10035803,Air,79.6
550,2017,Western Europe,111915.0,27.14,56.09,0.04,15.9,0.83,10035803,Sea,0.7
551,2017,Western Europe,111915.0,27.14,56.09,0.04,15.9,0.83,10035803,Land,19.7
552,2017,Western Europe,76652.0,30.59,50.06,0.11,17.4,1.83,10035803,Air,79.6
553,2017,Western Europe,76652.0,30.59,50.06,0.11,17.4,1.83,10035803,Sea,0.7
554,2017,Western Europe,76652.0,30.59,50.06,0.11,17.4,1.83,10035803,Land,19.7
555,2017,Western Europe,20882.0,15.94,53.07,0.28,28.84,1.87,10035803,Air,79.6
556,2017,Western Europe,20882.0,15.94,53.07,0.28,28.84,1.87,10035803,Sea,0.7
557,2017,Western Europe,20882.0,15.94,53.07,0.28,28.84,1.87,10035803,Land,19.7
558,2017,Western Europe,66378.0,4.62,22.68,0.02,68.33,4.34,10035803,Air,79.6
559,2017,Western Europe,66378.0,4.62,22.68,0.02,68.33,4.34,10035803,Sea,0.7
560,2017,Western Europe,66378.0,4.62,22.68,0.02,68.33,4.34,10035803,Land,19.7
561,2017,Western Europe,81442.0,18.37,72.72,0.02,7.79,1.1,10035803,Air,79.6
562,2017,Western Europe,81442.0,18.37,72.72,0.02,7.79,1.1,10035803,Sea,0.7
563,2017,Western Europe,81442.0,18.37,72.72,0.02,7.79,1.1,10035803,Land,19.7
564,2017,Western Europe,45851.0,28.76,55.87,0.1,13.95,1.34,10035803,Air,79.6
565,2017,Western Europe,45851.0,28.76,55.87,0.1,13.95,1.34,10035803,Sea,0.7
566,2017,Western Europe,45851.0,28.76,55.87,0.1,13.95,1.34,10035803,Land,19.7
567,2017,Western Europe,49607.0,19.75,65.04,0.12,13.55,1.53,10035803,Air,79.6
568,2017,Western Europe,49607.0,19.75,65.04,0.12,13.55,1.53,10035803,Sea,0.7
569,2017,Western Europe,49607.0,19.75,65.04,0.12,13.55,1.53,10035803,Land,19.7
570,2017,Western Europe,986296.0,11.06,42.49,0.08,43.19,3.19,10035803,Air,79.6
571,2017,Western Europe,986296.0,11.06,42.49,0.08,43.19,3.19,10035803,Sea,0.7
572,2017,Western Europe,986296.0,11.06,42.49,0.08,43.19,3.19,10035803,Land,19.7
573,2017,Western Europe,6492.0,21.33,59.81,0.15,15.44,3.26,10035803,Air,79.6
574,2017,Western Europe,6492.0,21.33,59.81,0.15,15.44,3.26,10035803,Sea,0.7
575,2017,Western Europe,6492.0,21.33,59.81,0.15,15.44,3.26,10035803,Land,19.7
576,2017,Western Europe,2133673.0,17.99,49.43,0.07,30.04,2.48,10035803,Air,79.6
577,2017,Western Europe,2133673.0,17.99,49.43,0.07,30.04,2.48,10035803,Sea,0.7
578,2017,Western Europe,2133673.0,17.99,49.43,0.07,30.04,2.48,10035803,Land,19.7
579,2017,Eastern Europe,11852.0,33.04,62.95,0.05,2.58,1.39,10035803,Air,79.6
580,2017,Eastern Europe,11852.0,33.04,62.95,0.05,2.58,1.39,10035803,Sea,0.7
581,2017,Eastern Europe,11852.0,33.04,62.95,0.05,2.58,1.39,10035803,Land,19.7
582,2017,Eastern Europe,9241.0,24.93,70.26,0.17,3.43,1.21,10035803,Air,79.6
583,2017,Eastern Europe,9241.0,24.93,70.26,0.17,3.43,1.21,10035803,Sea,0.7
584,2017,Eastern Europe,9241.0,24.93,70.26,0.17,3.43,1.21,10035803,Land,19.7
585,2017,Eastern Europe,15421.0,6.79,83.34,2.38,4.92,2.57,10035803,Air,79.6
586,2017,Eastern Europe,15421.0,6.79,83.34,2.38,4.92,2.57,10035803,Sea,0.7
587,2017,Eastern Europe,15421.0,6.79,83.34,2.38,4.92,2.57,10035803,Land,19.7
588,2017,Eastern Europe,28674.0,23.58,71.28,0.02,3.67,1.45,10035803,Air,79.6
589,2017,Eastern Europe,28674.0,23.58,71.28,0.02,3.67,1.45,10035803,Sea,0.7
590,2017,Eastern Europe,28674.0,23.58,71.28,0.02,3.67,1.45,10035803,Land,19.7
591,2017,Eastern Europe,278904.0,9.92,88.09,0.11,1.3,0.59,10035803,Air,79.6
592,2017,Eastern Europe,278904.0,9.92,88.09,0.11,1.3,0.59,10035803,Sea,0.7
593,2017,Eastern Europe,278904.0,9.92,88.09,0.11,1.3,0.59,10035803,Land,19.7
594,2017,Eastern Europe,25988.0,11.17,78.27,0.43,4.38,5.75,10035803,Air,79.6
595,2017,Eastern Europe,25988.0,11.17,78.27,0.43,4.38,5.75,10035803,Sea,0.7
596,2017,Eastern Europe,25988.0,11.17,78.27,0.43,4.38,5.75,10035803,Land,19.7
597,2017,Eastern Europe,102792.0,16.45,66.92,10.78,3.13,2.72,10035803,Air,79.6
598,2017,Eastern Europe,102792.0,16.45,66.92,10.78,3.13,2.72,10035803,Sea,0.7
599,2017,Eastern Europe,102792.0,16.45,66.92,10.78,3.13,2.72,10035803,Land,19.7
600,2017,Eastern Europe,472872.0,12.89,81.15,2.37,2.16,1.44,10035803,Air,79.6
601,2017,Eastern Europe,472872.0,12.89,81.15,2.37,2.16,1.44,10035803,Sea,0.7
602,2017,Eastern Europe,472872.0,12.89,81.15,2.37,2.16,1.44,10035803,Land,19.7
603,2017,Africa,20528.0,51.85,29.73,1.21,5.34,11.87,10035803,Air,79.6
604,2017,Africa,20528.0,51.85,29.73,1.21,5.34,11.87,10035803,Sea,0.7
605,2017,Africa,20528.0,51.85,29.73,1.21,5.34,11.87,10035803,Land,19.7
606,2017,Africa,46011.0,5.81,27.23,16.29,46.18,4.49,10035803,Air,79.6
607,2017,Africa,46011.0,5.81,27.23,16.29,46.18,4.49,10035803,Sea,0.7
608,2017,Africa,46011.0,5.81,27.23,16.29,46.18,4.49,10035803,Land,19.7
609,2017,Africa,37706.0,3.19,79.71,4.46,9.68,2.96,10035803,Air,79.6
610,2017,Africa,37706.0,3.19,79.71,4.46,9.68,2.96,10035803,Sea,0.7
611,2017,Africa,37706.0,3.19,79.71,4.46,9.68,2.96,10035803,Land,19.7
612,2017,Africa,12651.0,16.24,11.63,43.71,14.17,14.25,10035803,Air,79.6
613,2017,Africa,12651.0,16.24,11.63,43.71,14.17,14.25,10035803,Sea,0.7
614,2017,Africa,12651.0,16.24,11.63,43.71,14.17,14.25,10035803,Land,19.7
615,2017,Africa,57060.0,16.05,68.07,0.25,13.83,1.8,10035803,Air,79.6
616,2017,Africa,57060.0,16.05,68.07,0.25,13.83,1.8,10035803,Sea,0.7
617,2017,Africa,57060.0,16.05,68.07,0.25,13.83,1.8,10035803,Land,19.7
618,2017,Africa,22762.0,32.9,13.51,30.35,6.7,16.54,10035803,Air,79.6
619,2017,Africa,22762.0,32.9,13.51,30.35,6.7,16.54,10035803,Sea,0.7
620,2017,Africa,22762.0,32.9,13.51,30.35,6.7,16.54,10035803,Land,19.7
621,2017,Africa,22261.0,13.09,32.46,22.67,21.56,10.22,10035803,Air,79.6
622,2017,Africa,22261.0,13.09,32.46,22.67,21.56,10.22,10035803,Sea,0.7
623,2017,Africa,22261.0,13.09,32.46,22.67,21.56,10.22,10035803,Land,19.7
624,2017,Africa,99044.0,22.39,26.85,22.89,13.91,13.95,10035803,Air,79.6
625,2017,Africa,99044.0,22.39,26.85,22.89,13.91,13.95,10035803,Sea,0.7
626,2017,Africa,99044.0,22.39,26.85,22.89,13.91,13.95,10035803,Land,19.7
627,2017,Africa,318023.0,17.46,40.43,15.7,17.8,8.6,10035803,Air,79.6
628,2017,Africa,318023.0,17.46,40.43,15.7,17.8,8.6,10035803,Sea,0.7
629,2017,Africa,318023.0,17.46,40.43,15.7,17.8,8.6,10035803,Land,19.7
630,2017,West Asia,16764.0,4.55,68.85,6.74,16.45,3.41,10035803,Air,79.6
631,2017,West Asia,16764.0,4.55,68.85,6.74,16.45,3.41,10035803,Sea,0.7
632,2017,West Asia,16764.0,4.55,68.85,6.74,16.45,3.41,10035803,Land,19.7
633,2017,West Asia,56230.0,0.82,9.26,84.72,1.81,3.38,10035803,Air,79.6
634,2017,West Asia,56230.0,0.82,9.26,84.72,1.81,3.38,10035803,Sea,0.7
635,2017,West Asia,56230.0,0.82,9.26,84.72,1.81,3.38,10035803,Land,19.7
636,2017,West Asia,58131.0,27.21,69.27,0.02,2.6,0.9,10035803,Air,79.6
637,2017,West Asia,58131.0,27.21,69.27,0.02,2.6,0.9,10035803,Sea,0.7
638,2017,West Asia,58131.0,27.21,69.27,0.02,2.6,0.9,10035803,Land,19.7
639,2017,West Asia,107217.0,1.6,69.74,26.26,1.9,0.5,10035803,Air,79.6
640,2017,West Asia,107217.0,1.6,69.74,26.26,1.9,0.5,10035803,Sea,0.7
641,2017,West Asia,107217.0,1.6,69.74,26.26,1.9,0.5,10035803,Land,19.7
642,2017,West Asia,52976.0,4.47,80.79,9.03,4.27,1.45,10035803,Air,79.6
643,2017,West Asia,52976.0,4.47,80.79,9.03,4.27,1.45,10035803,Sea,0.7
644,2017,West Asia,52976.0,4.47,80.79,9.03,4.27,1.45,10035803,Land,19.7
645,2017,West Asia,33251.0,56.75,37.6,0.26,2.5,2.89,10035803,Air,79.6
646,2017,West Asia,33251.0,56.75,37.6,0.26,2.5,2.89,10035803,Sea,0.7
647,2017,West Asia,33251.0,56.75,37.6,0.26,2.5,2.89,10035803,Land,19.7
648,2017,West Asia,67238.0,1.87,94.64,0.76,2.34,0.4,10035803,Air,79.6
649,2017,West Asia,67238.0,1.87,94.64,0.76,2.34,0.4,10035803,Sea,0.7
650,2017,West Asia,67238.0,1.87,94.64,0.76,2.34,0.4,10035803,Land,19.7
651,2017,West Asia,21695.0,5.13,20.0,54.87,7.23,12.77,10035803,Air,79.6
652,2017,West Asia,21695.0,5.13,20.0,54.87,7.23,12.77,10035803,Sea,0.7
653,2017,West Asia,21695.0,5.13,20.0,54.87,7.23,12.77,10035803,Land,19.7
654,2017,West Asia,44258.0,18.28,68.93,3.78,5.24,3.77,10035803,Air,79.6
655,2017,West Asia,44258.0,18.28,68.93,3.78,5.24,3.77,10035803,Sea,0.7
656,2017,West Asia,44258.0,18.28,68.93,3.78,5.24,3.77,10035803,Land,19.7
657,2017,West Asia,457760.0,9.94,62.66,21.93,3.34,2.13,10035803,Air,79.6
658,2017,West Asia,457760.0,9.94,62.66,21.93,3.34,2.13,10035803,Sea,0.7
659,2017,West Asia,457760.0,9.94,62.66,21.93,3.34,2.13,10035803,Land,19.7
660,2017,South Asia,149176.0,4.24,43.57,37.33,8.73,6.13,10035803,Air,79.6
661,2017,South Asia,149176.0,4.24,43.57,37.33,8.73,6.13,10035803,Sea,0.7
662,2017,South Asia,149176.0,4.24,43.57,37.33,8.73,6.13,10035803,Land,19.7
663,2017,South Asia,2156557.0,4.66,83.7,10.28,0.67,0.66,10035803,Air,79.6
664,2017,South Asia,2156557.0,4.66,83.7,10.28,0.67,0.66,10035803,Sea,0.7
665,2017,South Asia,2156557.0,4.66,83.7,10.28,0.67,0.66,10035803,Land,19.7
666,2017,South Asia,25267.0,0.0,70.42,0.0,19.72,9.86,10035803,Air,79.6
667,2017,South Asia,25267.0,0.0,70.42,0.0,19.72,9.86,10035803,Sea,0.7
668,2017,South Asia,25267.0,0.0,70.42,0.0,19.72,9.86,10035803,Land,19.7
669,2017,South Asia,42641.0,5.86,80.06,0.25,5.83,7.99,10035803,Air,79.6
670,2017,South Asia,42641.0,5.86,80.06,0.25,5.83,7.99,10035803,Sea,0.7
671,2017,South Asia,42641.0,5.86,80.06,0.25,5.83,7.99,10035803,Land,19.7
672,2017,South Asia,66150.0,5.68,1.43,68.56,10.49,13.83,10035803,Air,79.6
673,2017,South Asia,66150.0,5.68,1.43,68.56,10.49,13.83,10035803,Sea,0.7
674,2017,South Asia,66150.0,5.68,1.43,68.56,10.49,13.83,10035803,Land,19.7
675,2017,South Asia,164018.0,6.08,73.48,0.28,12.15,8.01,10035803,Air,79.6
676,2017,South Asia,164018.0,6.08,73.48,0.28,12.15,8.01,10035803,Sea,0.7
677,2017,South Asia,164018.0,6.08,73.48,0.28,12.15,8.01,10035803,Land,19.7
678,2017,South Asia,44266.0,6.85,26.98,4.03,1.37,60.77,10035803,Air,79.6
679,2017,South Asia,44266.0,6.85,26.98,4.03,1.37,60.77,10035803,Sea,0.7
680,2017,South Asia,44266.0,6.85,26.98,4.03,1.37,60.77,10035803,Land,19.7
681,2017,South Asia,303590.0,16.95,68.16,1.46,10.8,2.63,10035803,Air,79.6
682,2017,South Asia,303590.0,16.95,68.16,1.46,10.8,2.63,10035803,Sea,0.7
683,2017,South Asia,303590.0,16.95,68.16,1.46,10.8,2.63,10035803,Land,19.7
684,2017,South Asia,2951665.0,6.07,78.42,10.79,2.39,2.33,10035803,Air,79.6
685,2017,South Asia,2951665.0,6.07,78.42,10.79,2.39,2.33,10035803,Sea,0.7
686,2017,South Asia,2951665.0,6.07,78.42,10.79,2.39,2.33,10035803,Land,19.7
687,2017,South East Asia,43973.0,20.76,61.87,0.57,13.93,2.87,10035803,Air,79.6
688,2017,South East Asia,43973.0,20.76,61.87,0.57,13.93,2.87,10035803,Sea,0.7
689,2017,South East Asia,43973.0,20.76,61.87,0.57,13.93,2.87,10035803,Land,19.7
690,2017,South East Asia,322126.0,7.05,76.01,0.14,14.36,2.44,10035803,Air,79.6
691,2017,South East Asia,322126.0,7.05,76.01,0.14,14.36,2.44,10035803,Sea,0.7
692,2017,South East Asia,322126.0,7.05,76.01,0.14,14.36,2.44,10035803,Land,19.7
693,2017,South East Asia,56952.0,5.79,85.57,3.14,2.43,3.07,10035803,Air,79.6
694,2017,South East Asia,56952.0,5.79,85.57,3.14,2.43,3.07,10035803,Sea,0.7
695,2017,South East Asia,56952.0,5.79,85.57,3.14,2.43,3.07,10035803,Land,19.7
696,2017,South East Asia,53963.0,26.81,43.63,0.56,8.32,20.67,10035803,Air,79.6
697,2017,South East Asia,53963.0,26.81,43.63,0.56,8.32,20.67,10035803,Sea,0.7
698,2017,South East Asia,53963.0,26.81,43.63,0.56,8.32,20.67,10035803,Land,19.7
699,2017,South East Asia,175852.0,15.84,37.5,0.03,42.3,4.34,10035803,Air,79.6
700,2017,South East Asia,175852.0,15.84,37.5,0.03,42.3,4.34,10035803,Sea,0.7
701,2017,South East Asia,175852.0,15.84,37.5,0.03,42.3,4.34,10035803,Land,19.7
702,2017,South East Asia,140087.0,11.42,78.45,0.01,6.44,3.68,10035803,Air,79.6
703,2017,South East Asia,140087.0,11.42,78.45,0.01,6.44,3.68,10035803,Sea,0.7
704,2017,South East Asia,140087.0,11.42,78.45,0.01,6.44,3.68,10035803,Land,19.7
705,2017,South East Asia,23771.0,15.34,77.48,0.07,2.5,4.61,10035803,Air,79.6
706,2017,South East Asia,23771.0,15.34,77.48,0.07,2.5,4.61,10035803,Sea,0.7
707,2017,South East Asia,23771.0,15.34,77.48,0.07,2.5,4.61,10035803,Land,19.7
708,2017,South East Asia,7851.0,7.61,74.25,9.49,4.02,4.64,10035803,Air,79.6
709,2017,South East Asia,7851.0,7.61,74.25,9.49,4.02,4.64,10035803,Sea,0.7
710,2017,South East Asia,7851.0,7.61,74.25,9.49,4.02,4.64,10035803,Land,19.7
711,2017,South East Asia,824575.0,11.42,66.89,0.43,17.21,4.05,10035803,Air,79.6
712,2017,South East Asia,824575.0,11.42,66.89,0.43,17.21,4.05,10035803,Sea,0.7
713,2017,South East Asia,824575.0,11.42,66.89,0.43,17.21,4.05,10035803,Land,19.7
714,2017,East Asia,247235.0,49.34,45.55,0.01,3.96,1.14,10035803,Air,79.6
715,2017,East Asia,247235.0,49.34,45.55,0.01,3.96,1.14,10035803,Sea,0.7
716,2017,East Asia,247235.0,49.34,45.55,0.01,3.96,1.14,10035803,Land,19.7
717,2017,East Asia,222527.0,62.64,32.97,0.01,3.59,0.78,10035803,Air,79.6
718,2017,East Asia,222527.0,62.64,32.97,0.01,3.59,0.78,10035803,Sea,0.7
719,2017,East Asia,222527.0,62.64,32.97,0.01,3.59,0.78,10035803,Land,19.7
720,2017,East Asia,142383.0,41.07,52.12,0.0,4.37,2.44,10035803,Air,79.6
721,2017,East Asia,142383.0,41.07,52.12,0.0,4.37,2.44,10035803,Sea,0.7
722,2017,East Asia,142383.0,41.07,52.12,0.0,4.37,2.44,10035803,Land,19.7
723,2017,East Asia,47043.0,29.73,67.55,0.01,2.27,0.44,10035803,Air,79.6
724,2017,East Asia,47043.0,29.73,67.55,0.01,2.27,0.44,10035803,Sea,0.7
725,2017,East Asia,47043.0,29.73,67.55,0.01,2.27,0.44,10035803,Land,19.7
726,2017,East Asia,4107.0,9.66,52.62,6.85,18.68,12.19,10035803,Air,79.6
727,2017,East Asia,4107.0,9.66,52.62,6.85,18.68,12.19,10035803,Sea,0.7
728,2017,East Asia,4107.0,9.66,52.62,6.85,18.68,12.19,10035803,Land,19.7
729,2017,East Asia,663295.0,50.43,44.27,0.06,3.91,1.33,10035803,Air,79.6
730,2017,East Asia,663295.0,50.43,44.27,0.06,3.91,1.33,10035803,Sea,0.7
731,2017,East Asia,663295.0,50.43,44.27,0.06,3.91,1.33,10035803,Land,19.7
732,2017,Australasia,324243.0,8.53,37.32,0.06,52.23,1.86,10035803,Air,79.6
733,2017,Australasia,324243.0,8.53,37.32,0.06,52.23,1.86,10035803,Sea,0.7
734,2017,Australasia,324243.0,8.53,37.32,0.06,52.23,1.86,10035803,Land,19.7
735,2017,Australasia,56597.0,7.7,40.91,0.16,47.26,3.97,10035803,Air,79.6
736,2017,Australasia,56597.0,7.7,40.91,0.16,47.26,3.97,10035803,Sea,0.7
737,2017,Australasia,56597.0,7.7,40.91,0.16,47.26,3.97,10035803,Land,19.7
738,2017,Australasia,5219.0,5.01,53.6,20.81,14.26,6.32,10035803,Air,79.6
739,2017,Australasia,5219.0,5.01,53.6,20.81,14.26,6.32,10035803,Sea,0.7
740,2017,Australasia,5219.0,5.01,53.6,20.81,14.26,6.32,10035803,Land,19.7
741,2017,Australasia,386059.0,8.36,38.05,0.33,51.03,2.22,10035803,Air,79.6
742,2017,Australasia,386059.0,8.36,38.05,0.33,51.03,2.22,10035803,Sea,0.7
743,2017,Australasia,386059.0,8.36,38.05,0.33,51.03,2.22,10035803,Land,19.7
744,2017,Not Classified elsewhere,23456.0,12.98,58.19,1.15,7.77,19.92,10035803,Air,79.6
745,2017,Not Classified elsewhere,23456.0,12.98,58.19,1.15,7.77,19.92,10035803,Sea,0.7
746,2017,Not Classified elsewhere,23456.0,12.98,58.19,1.15,7.77,19.92,10035803,Land,19.7
747,2017,Grand Total,10035803.0,13.78,59.01,4.93,19.33,2.95,10035803,Air,79.6
748,2017,Grand Total,10035803.0,13.78,59.01,4.93,19.33,2.95,10035803,Sea,0.7
749,2017,Grand Total,10035803.0,13.78,59.01,4.93,19.33,2.95,10035803,Land,19.7
